EthosCaseRef,EthosCaseType
1571071133645414,Scotland
1571071132501139,Scotland
1571071131465450,Scotland
1571071130494139,Scotland
1571071128940341,Scotland
1571071127791984,Scotland
1571071126660941,Scotland
1571071125402717,Scotland
1571071124306513,Scotland
1571071123112557,Scotland
1571071122138322,Scotland
1571071120881667,Scotland
1571071120075658,Scotland
1571071118759859,Scotland
1571071117524122,Scotland
1571071116430701,Scotland
1571071115388132,Scotland
1571071114239831,Scotland
1571071112985401,Scotland
1571071111802094,Scotland
1571071110794433,Scotland
1571071109620029,Scotland
1571071108568922,Scotland
1571071107552737,Scotland
1571071106351859,Scotland
1571071105147175,Scotland
1571071104041734,Scotland
1571071102739636,Scotland
1571071101650883,Scotland
1571071100402237,Scotland
1571071099360784,Scotland
1571071098226192,Scotland
1571071097036071,Scotland
1571071095863245,Scotland
1571071094978671,Scotland
1571071093811212,Scotland
1571071092621380,Scotland
1571071091540532,Scotland
1571071090336866,Scotland
1571071089100588,Scotland
1571071088096050,Scotland
1571071086884697,Scotland
1571071085482832,Scotland
1571071084380128,Scotland
1571071083346849,Scotland
1571071082208453,Scotland
1571071081518050,Scotland
1571071080555335,Scotland
1571071078802251,Scotland
1571071077697124,Scotland
1571071076537107,Scotland
1571071075517696,Scotland
1571071074215441,Scotland
1571071073086694,Scotland
1571071071739955,Scotland
1571071070508120,Scotland
1571071069308029,Scotland
1571071068212602,Scotland
1571071067164903,Scotland
1571071065916072,Scotland
1571071064804808,Scotland
1571071063718512,Scotland
1571071062650732,Scotland
1571071061565329,Scotland
1571071060513544,Scotland
1571071059374171,Scotland
1571071058159920,Scotland
1571071057040923,Scotland
1571071055882417,Scotland
1571071054661770,Scotland
1571071053505846,Scotland
1571071052343819,Scotland
1571071051275368,Scotland
1571071050332871,Scotland
1571071048936031,Scotland
1571071047910755,Scotland
1571071046867592,Scotland
1571071045527643,Scotland
1571071044651162,Scotland
1571071043362118,Scotland
1571071042126035,Scotland
1571071041077619,Scotland
1571071039934532,Scotland
1571071038725873,Scotland
1571071037690722,Scotland
1571071036785036,Scotland
1571071035599602,Scotland
1571071034495273,Scotland
1571071033373125,Scotland
1571071032127605,Scotland
1571071030796963,Scotland
1571071029596010,Scotland
1571071028432365,Scotland
1571071027405008,Scotland
1571071026306470,Scotland
1571071025116839,Scotland
1571071023911397,Scotland
1571071022994790,Scotland
1571071021746050,Scotland
1571071020742779,Scotland
1571071019426426,Scotland
1571071018207108,Scotland
1571071017453711,Scotland
1571071016077933,Scotland
1571071014823064,Scotland
1571071013847171,Scotland
1571071012333769,Scotland
1571071011299599,Scotland
1571071010028353,Scotland
1571071008923896,Scotland
1571071007829664,Scotland
1571071006751596,Scotland
1571071005613151,Scotland
1571071004672406,Scotland
1571071003351937,Scotland
1571071002150454,Scotland
1571071000955482,Scotland
1571070999848724,Scotland
1571070998575583,Scotland
1571070997446331,Scotland
1571070996405981,Scotland
1571070995115383,Scotland
1571070994108728,Scotland
1571070993069517,Scotland
1571070991889007,Scotland
1571070990651747,Scotland
1571070989704606,Scotland
1571070988380309,Scotland
1571070987173002,Scotland
1571070985902253,Scotland
1571070984700120,Scotland
1571070983435736,Scotland
1571070982400848,Scotland
1571070981352636,Scotland
1571070980188346,Scotland
1571070979037694,Scotland
1571070978446086,Scotland
1571070977908334,Scotland
1571070976832394,Scotland
1571070975788514,Scotland
1571070974502080,Scotland
1571070972534895,Scotland
1571070971194188,Scotland
1571070970826962,Scotland
1571070970729018,Scotland
1571070967433129,Scotland
1571070966450959,Scotland
1571070965444391,Scotland
1571070964427637,Scotland
1571070963527940,Scotland
1571070962295788,Scotland
1571070961816584,Scotland
1571070961014206,Scotland
1571070960039048,Scotland
1571070958687766,Scotland
1571070955824784,Scotland
1571070954772133,Scotland
1571070953687241,Scotland
1571070952648970,Scotland
1571070951469097,Scotland
1571070950320481,Scotland
1571070949210124,Scotland
1571070948063748,Scotland
1571070947039061,Scotland
1571070945727493,Scotland
1571070944688522,Scotland
1571070943247569,Scotland
1571070942081407,Scotland
1571070940731219,Scotland
1571070939644944,Scotland
1571070938417243,Scotland
1571070937454452,Scotland
1571070936383611,Scotland
1571070935169508,Scotland
1571070934110347,Scotland
1571070932819030,Scotland
1571070931739239,Scotland
1571070930972237,Scotland
1571070929612455,Scotland
1571070928244292,Scotland
1571070927035659,Scotland
1571070925712713,Scotland
1571070924552946,Scotland
1571070923476865,Scotland
1571070922250295,Scotland
1571070921211298,Scotland
1571070920075678,Scotland
1571070918818386,Scotland
1571070917733743,Scotland
1571070916795388,Scotland
1571070915510341,Scotland
1571070914353420,Scotland
1571070913246989,Scotland
1571070911929891,Scotland
1571070910799121,Scotland
1571070909690604,Scotland
1571070908472780,Scotland
1571070907421341,Scotland
1571070906225966,Scotland
1571070905151403,Scotland
1571070903892446,Scotland
1571070903037265,Scotland
1571070901546218,Scotland
1571070900429309,Scotland
1571070899407423,Scotland
1571070898097068,Scotland
1571070897373940,Scotland
1571070895667053,Scotland
1571070894426170,Scotland
1571070893385187,Scotland
1571070892347543,Scotland
1571070891054421,Scotland
1571070889906103,Scotland
1571070888888476,Scotland
1571070887715357,Scotland
1571070886527316,Scotland
1571070885413237,Scotland
1571070884296559,Scotland
1571070882915796,Scotland
1571070881806269,Scotland
1571070880682364,Scotland
1571070879451631,Scotland
1571070878320654,Scotland
1571070877283812,Scotland
1571070876131061,Scotland
1571070875076515,Scotland
1571070873824767,Scotland
1571070872759816,Scotland
1571070871819405,Scotland
1571070870637824,Scotland
1571070869466961,Scotland
1571070868416777,Scotland
1571070867314569,Scotland
1571070866046568,Scotland
1571070864743141,Scotland
1571070863604476,Scotland
1571070862646403,Scotland
1571070861477537,Scotland
1571070860286558,Scotland
1571070859083750,Scotland
1571070857910079,Scotland
1571070856868013,Scotland
1571070855741427,Scotland
1571070854227303,Scotland
1571070853064665,Scotland
1571070852012822,Scotland
1571070850824533,Scotland
1571070849789359,Scotland
1571070848633400,Scotland
1571070847591658,Scotland
1571070846596146,Scotland
1571070845444389,Scotland
1571070844292359,Scotland
1571070843034091,Scotland
1571070841601313,Scotland
1571070840442529,Scotland
1571070840377345,Scotland
1571070839392750,Scotland
1571070838289965,Scotland
1571070836128546,Scotland
1571070835753765,Scotland
1571070706227394,Scotland
1571067454477643,Scotland
1571067454404902,Scotland
1571067134996459,Scotland
1571067134735055,Scotland
1571066781174733,Scotland
1571066600062374,Scotland
1571066555839750,Scotland
1571065999996523,Scotland
1571065956793400,Scotland
1571063189130599,Scotland
1571063189027944,Scotland
1571063151888505,Scotland